{"file_hashes":[{"block_hashes":["QDlywylm7Da38yA33FurWXpc3FOftAppf6eDPTg6pRU=","6AF1nDI6UmcLNmebxltbTIBtFps/n58fpB/dDuzG1RY="],"block_size":4096,"path":"_locales/be/messages.json"},{"block_hashes":["8qU7NhLRvJRVvhrcFATmV33f2s6H2DtX7IrDpNMNfIU="],"block_size":4096,"path":"_locales/no/messages.json"},{"block_hashes":["Em0BgilO9PxwA8Epb0VeQQRAykDM+OB/iyjHfb9zF9M="],"block_size":4096,"path":"background/index.html"},{"block_hashes":["s1XObSvPVeELT70LP6I1DoA7434FBf16U9wIgylp+Wo=","UY8+eCcHlnIvtyLB2HN9Npqc89g6C/+1kqcfPjfiH8E=","PjHjXDukwFGTLjitv/8li8iCGnREztYE1jtx0D+NKoo=","ZNgxfs4m/R8D/6Ax7ZGpv1gxvbL7qQd5hjO+984C0qY=","VDtiC/DfLx3Lr9ngTuTZwlvrjuH3Jnta8J4A2K8VuvM=","kkIm/+o5/iarjTpz0SVKr5Ww4Fnr23misX4R45X2/7E=","Ien6bcV7eG+p4kZBj4f05N1bEw2Vl97gNVXkS6cwPwY=","aiX/k9NZyWkf8L2JlQnjyNVD5o+MbcSm08IAVxxa4RM=","5Xa1lvPPD7bJqHLbYPihFZZbOnQHSdEx4u3gSm2vkF4=","t03cFKFXD2H0Kr5Y+g4yKkfiPb2GHQJAMo5YyKh1haU=","GhD7pi575QTCtZe8BxRqCs7/FJDygLkgLHxxJxPrdPA=","aopaoMDkB491Si3O+ZOlrJ4ZifSE9zi9Uz35Hiw63Hs=","X6sKTcNUwACrRZcJqy9tjJ7GffRjPMVeA6IGI+2TVYs=","DhzPmTJgeQN9znjrG1VZfKt2mKbiSlVHuRxt72FpjQs=","+MI+2tmXigPzm3gbaJD0ByqWryUmafREGlBeZQjHm/g=","ts74mWBcZ+9Bct+GK+A9u8ljtRWFiwhECD7jhMPerMg=","7ChhFtMCCuDQln8X1+ps6dkdUmrWzObOAJ3uqT+G8UE=","Vu99p92Wu0rkpmlUx1dpiRka4VByuvnG8LCxR2iIX7E=","a2jSbrn9dloYQysOsQsjSOsn4fgJaa5q3jifZRCMe6g=","nMwjEIX9Pa5KN4waJKIU4TrnCjc6wdfYTy/SrVVCp6s=","29gbIaJvaQ1tvypaUpEjk+lzkVh90QRMjgSt3o6MHY0=","m2cNXwRPcEwHM/G+3M83VIiw/D0fwKklCyfUgAGmxus=","dr0jBXrxz8FL6vUUZGTvLKf/WXg6aXdC5srgvWBBp3A=","N4BV6tWBb6O4Vc9fIluCietIBZOPFjwOo50roxrzslI=","R2y0GYl0hMTshZh0KfDBRgMZ5bkrbtukdGq7ya4PybI="],"block_size":4096,"path":"background/index.js"},{"block_hashes":["JUnXnNHJ4FZUcP4+f842FeN2o0bL9uNLOiYU4HPPFFs="],"block_size":4096,"path":"config/dark-sites.config"},{"block_hashes":["ExJABAlLRN6Crqvzak7gF9dQXsoX7W61VYRAIIWmuSs=","ZeGIwNvFRBeygvUqdqqMHmkfOJJwoWHuWtp+7L2CsYE="],"block_size":4096,"path":"config/dynamic-theme-fixes.config"},{"block_hashes":["++ASthBr+qvzu0ASfhHnWAxcTrJQRvMWERCFURADxTo=","+X4/SQmNTuAQz9w6LZJiR5OfrHADiuMCCKtDZLWY61I=","wuEV7j0DPA3r3AcvlzOuJqwchv3aBtoUP8JMi91G2YE=","AEhiPCvkvEkITyfQ/CIsXWrIDV0JrOUxXuBlUMBpjyU=","FjRif7xqtuoEVAeCs/2D8E0Wo1pey/+YRzyHVKE1eM8=","kHB7RJ2zgyGt3Hcn8LGsU0iMuGO322G2hNRZofiObLg=","CTHtkQgvOSP4OTPHWfBB0gGI3Dp0XVkIjsr8Zy4C1Ag=","eS16+hv+JPRepiCfK+IuQ2I/nNDX41TuVQmC+aGDfOc="],"block_size":4096,"path":"config/inversion-fixes.config"},{"block_hashes":["o51C3UQDkYMDs6cluj8p7Z1q+SFDdFTOfmjBrU/s4kI="],"block_size":4096,"path":"config/static-themes.config"},{"block_hashes":["2iQH5mRlOUoXN2Y96Qpk3cdSUfTrYy1DqI0S2l4CiE8="],"block_size":4096,"path":"icons/dr_inactive_19.png"},{"block_hashes":["I7q01MtiI2hz9cDp5cZV5xH9WqOCw/X7nM8W+J8EWBA="],"block_size":4096,"path":"icons/dr_inactive_38.png"},{"block_hashes":["F3Ynj3t+aEw4CIWBwnJjxK3kZZs8Qlvzb8eJ/LV3wiU="],"block_size":4096,"path":"icons/pumpkin_19.png"},{"block_hashes":["6ibtBBKThN0hE4M0RZp92C1fx1WjQAPLeAxw77q4Nnc="],"block_size":4096,"path":"icons/pumpkin_38.png"},{"block_hashes":["SBa4TR1MpR0NwAEOU9jrWwvi4+B7ZWP+iYDGFm2kSR4=","MiBgVW3jY3iZEBT7w9JuJ6jbt6JX5AFGXqgEGkwyzyc=","lRcEmFIWcvUERmPAEROq+fp7LfVpkkPMy2vuKaBbIpw=","1x2bkPnT8fNtm1I9b1DFDsS3xxGH2YF4aX0chmdnQCE=","xRWpflVsa5QDWZmx1q1x0467b3MVLtjhNdb8HdrLuX0=","DaS5f3qfeaV+Igi7PDo5W8a5m8wWwb7/oKj7EnnMgKA=","cxD0GzuJJmrC6vnlH5eHYIl2A5v3aIgXy0+e/A9Q2mw=","NW/rbFbdiigIbK2O2rpW3Xt9fra8RV9LhCdJNxAj9do=","0y1e3Nw51/rZD+lX0RZuLjA5TI9Uo0BZxvcY5JEL7Gs=","e2gOgXodK5X0+QYlt0UgSRVNENBFpU2THW5cn1e8PP8=","PlFNb98uIyL7Zc+yoDnieE1rMcsi+1VoVVdx5VmFHmk=","6eZY9FVo3iCV+EG6qaBkk8YvuRAmOLa8Xd6XAHV9IOc=","fsdw5pbG+tbdrCCbTObMlE9mYcLUINxUlk3bXS+rJlQ=","4BgyIYOVvkZQtqIV/50uTNflXT1DWz/LNkqihSWgvu4=","qBZdT2ihRRsmlHOBbE+CbyjOSYQF7rGrTMsCzPvSAoM=","f7809i/qY7TWmIShKwxKbsKU1OTLPZPjAAhfDGXzppM=","GrO4denE57vDrOQ8PkkOW/4ZfP/FVHDJTYR2lGtyCpI=","hVEmq2Gd8dQwuJ3NL6dPApNMqdDRl3nDtL6kyLgJBHk=","MfD6dnHvXcFmIxOyvgUwtzT9rW6yzhMU7/zyHmky9aY=","EoHA9GXVsCsPJlEMhlY7vV4+ISAdoqtVnAQsq9yNl4E=","JBhBmezaG1UYHNvoJF8mF7ZnZDo8nunDWSVfFrwUaX8=","FHzNkKUel0DC9j9S6kgdcg/OwYhIQrHLuhrNeHExyjA=","eRXrZFyIJHrm6NW7omxHvW6FP+VYkHY2GniLnCbbMiA=","gIr0SUuwGZ1ikQmEulbyAIhh8F5MVxDr5rLRGrqHctY=","4gUsa9P005FSQsidnSt9PNTnNPZZZJqvSqbtHbVkeY8="],"block_size":4096,"path":"inject/index.js"},{"block_hashes":["09QgTFlF/3rHhBGLqxkpipahkzk7XLRRlYCjR7/jSsg=","1cjIoiHVzwYYF3OIvvxAx5ncn2b77OSOY2ODsnmct3E=","CitBieJaaI8PF9vb0BmeAfewv1Dzsi26+dfusBR9pF4="],"block_size":4096,"path":"ui/assets/fonts/LICENSE.txt"},{"block_hashes":["u+5ukJXYmgaDaJ93mkrIGGWcw7gT976g2/XwppHlQIE=","3yptTrkwkYFYnJbEBV7KNvjD9AIclBvr/uG+ktJjF1c=","+dioR58YVw0W8U+RPp0EkN8oSsG+jVFw/i3x/6XdNAA=","77oRZbtEicid11DEUGPIiKAxGgxi4SvT8Kwup7o2gmQ=","qllBQmJ3BBWBLh0Zxu8eV0GAXYom9HO8svpJa8v5loU=","TdWbz6k7b5TfuYM2DGwqEzjN8uTr5G758vNDlEZ2IFU=","eJRr+iHjsh2B6NXwUxu38xq+MxcApKuQtOBvIFuwsSg=","zwveEnlwunpC4dSD8GbPXooqbILjxDNhHak3rI/RYvI=","0zzSLePL5+yqSEabmYfVPwEiLd4tXcBaSucdmX5Ob9k=","vgDs2NgigIy50wflaGF3tbJz6SLeNc/Aw5MwVDjzJMk=","74HEH6QchEaiQH1EdCetMT5i2jNHnUSVYQuji2oWt9U=","AKPRE1qwV/gP2B/mYHGfM2/QqkP5EBPDsWFnXWxcvSQ=","HwW/77kJfGkDHRm//cKHgUGG+l8iGl4Xt5WfRnY8WQQ=","WARhG3CflDgv/Szlb7uSdnDTyIh4SaCziXzbCNLJqEI=","LC599FL6prII3Q3zWi3W5bRZbWBnNbLzLdYA0QhUMjQ=","/jizMCAp9BwsrJEOxykTw6+CnP7IB9K1WEOIQ5C2Y80=","H+egFqI/V2gL8zFfVEnH6txIM+k2ZP4dQobXi7wiq9Y=","YSaXZdRm+VSKbn9bHPPe0mDvmPT4mNTKPDbWr2C3r8Y=","tCGMILVzUZ+byPRcuGp7fqKQjc7A2EXyOtwKfWas4VE=","AxryAq5kiDUtnShbwimDx/NJ2XvmZnj0So+Ggzdqtp4=","k/WykNZOx5WfwPamwzqhCuaELP/qx3NegUrcc4P5wtE=","7pwfiJOWXZT2gxAnnIQ8ye9KNIFRFpfiInBydxJqVBE=","i0vkQSAA8/0YxAWtLEihai6rFkioup5M72DAAr8Aycg=","BjvLr/HlnvVM/9cMIF/G+zfe24hsPlm0o30NMONELuU=","BnluTINfB9Gbcb71MoiddXLzCbfim8BJHz4dFvZdvis=","L68QkoW4OzkKMBKz2PauOU/sB1TpvRnepPjNoaNEsvI=","VkVvtZH8CbQTeRfmY2PjVij0vnEQD9UH4PzzafA2aeE=","0mk3ruEAttAYwN6A7RxsCKUCmHSrFwT+U4AMzvJkTho=","TG7nxkhi4snNsNd3ojFp+JB0mKbGnQSOYxhxbeacf5c=","mu9cdXP+qxSZetSH/L3Iw4NWIjPcmO34PtE90zaHS4k=","cTDiYFOdwa8HgUa3DKqAXKcyXSc0jKcs0lT4S6/Oobg=","nBK8XvGolSEi4e6t7m69ZAEyvbdZD31sGXEF093Smrg=","YhhVjg8OIlLDUXvCoQBk875Uu9vmwKl5L5ff8ZRplnA=","m459kp5L2AbggHUmIal2O306RruPQclWcV8blIw5yds=","c6l0044EIpyy6xYW4duqDvnbdrzVo6vK3HoPxllg/G4=","AdBnHr8IFNwZJJw+zl56yhIguIUyAFJOP/a4dQTX74c=","Rg91DWQ3Da7N2yqIxoxsdXZtISYk98Cl9RQtioV6DQA=","7G3vF+gBHwVRppninatkw9WC00aa8yjdzDUTtnKgkNQ=","tOVy+ZozE1fM0/sZQeKX17tVNtfQsMliTQQij3tzpkI=","xdNcEq0weZ2n7DxkVkYGKkiU1/vLNUxjNE/3nxXH2Yk=","La+lHZChcJrGPPFwhcoDihpLH5A2mal6daFnk5gap0k=","i8yXTvDmNWFm5OL+mTD4NLW+fZm5c6bphyXxh3tKmhU=","9+fzkYlPSeiHKR+Q9MxlaxwmeNR/x3jLW3YBZqxmDB0=","sAC2/d72R0CJJ/bSoK9JTTdAkQ3SMWuwCV4y5wG+U9s=","1xc9UoDs3+3dId1AZdQRT++gL2WSVZzzh+BuUzca6KI=","6mxoqMobFg/t0Gf+dCpZpmZmPv+aHVpdjYuDAfQvPxM=","W2r+kQkKl86xaSdLGA+psbvi37wclV5K5PPeIjhXLBA=","rwE1TypuWnJrn89Osi5xl0ceaGOr+J4yEorniemC91c=","kmmj0eNgeOtVVGvfKBUckMmeMtcVzKfuqsVczu1Uym8=","uY+4DK6KQecCkw8bnALiwEDsrfPVnkvFctaIyC6LvVQ=","WhAlQm6Boz1q+2NLJC4W19iv5tPawkG3fXkptPK4ppE=","jOqayK1kWEscInxLVsr/RuvIWZ3yatRnJTGxls6i8SA=","AS7ZWdFtyCn5cZYT5SNXR74w1eKSQkL3sKj+A6Zg4cw=","l4HehzZOshyWxjCIReqdzVXbYijs8hxHNvIrjPr4IgA=","NUJVhL1pZrMKf99QlaLowxxhTJbG+bAQX3IhQufGSyg="],"block_size":4096,"path":"ui/assets/fonts/OpenSans-Light.ttf"},{"block_hashes":["Q44jGTxsOCHKiWU+nonnhdgIk8ypOKQ6dlEPYVwDtIg=","Cp63ZlgMRp/0pIGd7i28OtlCBK/1QlzqYHPSMOZHzXw=","vYN2iQbekUBBfILiX5js/+KkrZ3IMz2VN+pPlgbWi50=","O4lXZXsSUQAPwjzXGZ0hwWZJwCGbqPIRBVMd1XRsw7Y=","lavn06CwQi8Y06JN3I3KJ4faLYWu7SU9RT+wWXbCTyM=","hBW+pSFkwdsIiVNKpP1MW1HglX/ot70VyKZdYtrbBkY=","aY17MqDGaCkKLbW504MUQ3WKjjnsaT2Teayv1DRv0Ew=","GTMtJ+MOnBGuwPNTS9V92fWTdUvzdg5nqKYbMYeH8ec=","cAqFMQK6weUNS0AYmyk7ZQ25XEOuhscyHFr3PA1gQig=","IpCSI4i7KhYU7AvsM4+DexnGoGV9o8gEhYIa830KpTk=","DHazKZVJT6Us7pkkpRkG8na57IzSHi4SO7OxANvg0oI=","cU+2iNEuiF9lznTlcLeXawyVzTHYXeWU4dn30HZQsmk=","Ywo5h5uFgAGfLVU8o4xgo9ZTCMYCbh4YI9GNSMB/4Kw=","WJNJNiAvqMVmvKKBkD5Bw4b8O59ci0TtsKWsvQ0hFno=","lR8TGby+/prmJHAPvIO5kqICbzb0P+AfTtGW5M18SaY=","Dy5jBF0W9GNM3qMUja+50qpJ5q3RvrF3hJi6wtAyI9E=","HBocaLh/TRI9SEEaysqDFu/ruWfW11o5SgLrmrHS5JE=","sdLVsNSsGI+kJmlzOEylf/tBt2A+FhZId4OPB/hzgA0=","hWNin8V05Yk5+NDd03UuUCtLPWvZQojemMR1Rqo2ODs=","iB9thRTCJtjPg8mi1ryDFwcHPIWjbKlXcKLCFIUItPM=","eLORXI2Ryh3vrTFDPPBnCt/msRRULULQ8LEVYGU2glw=","QnCholMY4745FkPQGv9Gbn6pl1tyDowTV5U5p6+s0ls=","sucP6Y76xS7/C4FWxe2Zox5Tkycirqf12agWFNWbL5g=","fk617hoLiNBAAPd9AjvzOd/oIY7CLPSZ9f9rqejRTY4=","XQQXMklIAfMbi8ydqmvbKGxfr1fryb8Ba/vVoYgilow=","WV+3gRqwKoQL15navcL73OOoES0ZG2xFqmLhCc1pHz4=","H4n64AeQ47aYMZP8rw1PcGreNkt9oW99mBttwctLfJA=","r0kdDWAKKle7tu66ds4A7ajKPiCtfiV2/lK2Z7W538w=","5KN6Bfhpn8RElaV35uilKk1ZAPy3arRKktRmp5Qdq70=","UbjnNOuYVrtMP/wQ3oR1eB3ovXvZ4mqQl/rQpxkFXxw=","1eheA3hrBhNRHJ5sc9rheA6bSRIavl9WHxy7EvLB5o4=","4YX3Vs4QUaiWOAiYycuZGLOsA0/Oio73hR4N9Uwe99g=","x1iRFLxDcZY0bqpoKz25cU3NbgJY40+iHHBRcBgEmBw=","JYcG0BwuU2Ln0fOF26Nv1wenBA3B2KXiAdd8Oes1BJU=","PF9QgT/w0x6WXGEy1HLHNrsc3GiH6fAXJ2McGH2DIbM=","WrYdZx/kmY0tu2zgqVCqxbm/BJFXaguYAssH6Grh3U4=","vLoDkp0QxchCAZAAV7tzClYv7pUl0NESDv7KqqJzHtk=","YnKtbT93C8Pw3cTdiReS8cckULKDx4Yg8v2yrZ0mxGQ=","E+9xby+ZDkOVmmBk2qOVAIBZ4UtgesD42Hymkv3bYbY=","BQ36i+gopV3mrrfqvlUxaOLq6TLYzxPyXXV9Tqtt7QU=","7aA4p5XS70H3QSh6sOmBsWdm2PcbvIruMFkmEZJT8F0=","y+LdaCo06JdZwtJxE4L9Zo/qHPiz/FGNSqx07N+3Oz0=","3y2uLPWgyKlpgCCfaXUAF2BS2YzS/zEvTy2ZahACSz8=","2vibne0iutPmabG8FdrgJj7l9AyZ5xp/lqszXN73FiA=","hW3lop/NBMKXgLanPSkd7XaVl+qOtozjzQTHHh48aAo=","WejIi9Pp8cIEg5kTIea+tlK3Qf2kjAJyP1sS+xmjBrY=","GSuBAf8G9V0FjWmxGXWco149G8ypHijeUKGC2Y9EfVg=","6M8trzhXsbRFXCVZAZJTKNTueWbDj+rDvodGlv5yfPc=","RisJiu1+bPVG72jGG0jUxpzJkwWqhT7FACWbV8CRHqU=","+lN8chz/eVg/6AK/kPdy493Y4Hr3FB4cQjlM8fjpbjo=","I+3M0Owv2mitwgVhBkesTxVDx1VgwM7At/OHWG/HKpQ=","MQI4TwEv960mrcE1VqHBIP2vrUn3qjHlKV97nGgwtHU=","wK+r4L/8yxLpNvT8LYqYlODZr4XnmrOkgNE3W7GWxMk=","pYacdrSCHIGFkvzDSKFOfvXsIPPNjNinHcq/PiaS2lc="],"block_size":4096,"path":"ui/assets/fonts/OpenSans-Regular.ttf"},{"block_hashes":["6nfrMwtUYMTLFZYoxIHi0QUfsfiPglcyBOBk/tPwRT4=","dDWg2N0FQZNQu166I0G22RIXsTxSdtwUU1rJV4Cc4ow=","jde+wZWMZnBQH7bKJZSVlgHHSNS1Nr8lUijp4AvNLP8=","7+7GSOWflrCtZWLgBPYEcHKp3E5Dz5FGd9Bwj9stM90=","Chw/BhMQ+2nOsiq+gjloqK8TOjWFmA5gihy/5ZnOwU0=","vexhIB2sQbNS8PNVM++ZFyv+6wBvb4YUDsnr6WXuzQU=","QsDPt0BHca3VMwyz0vY6Uous5VpeCrDf96G1KnYGBKU=","immGXAKlsL0QmS718McRDTfs5dcNbuMjtyL0t7cRUMU=","2Rs5vfvlXJdX2gCsDAJDXu2LfSJpP+C9LafEAGNd0C0=","umFZjOJJ7YwlXNfo/Gt0xC9Zn+KyePsB9AACa/FSOnQ=","dlZ3+jxgXgBHzVgPSVO1nVmvGk+X5Z1M190KhWN29ZE=","xkpHeCS4Y7TvGZe7niwUoXPi4ScadXAU1bGEqpZznbk=","O/ZxvDk2VHOdUJ7FFTpi7GNcfDJGhgRzEKwxYTYNnJU=","tuEWLBCWF2lKJ9euQ8ZnfAwK2E3AN8d7fP3oghTFpRI=","NcJfWjiUU5jtNIJvPwRmwGK+lddyXWbsUNqQmAbng84=","QR+aI1FoIVQPbe3tVrqkwB8+hSidbIQf5vNoMXg3Q8Y=","Vip0Bt3oIYtQCXmeuacuigoSNXlN0cQ4F6dgtPGM0DU=","rXoqc38tBk9TKqPHogubxgLxWUmaV68Yn+1pUI8LQAg=","BclPGMEhxYAO4dUPBKA4QirNiA5BtcelxRxMxu0EgGM=","TRUunr1kPGVMb7TKSU9IbjAqF37UY3JWBjJvC4Ts6ks=","ei+RbnAwPPvxFR6iLcOIa4eODgpvWC03mzxaqsw5PTg=","8LzHrGIBvKRCyI5BlGZgwJT0VK/nevyV9SyflN0Ulmg=","9i6UJB1c9iI41voZK80f/ve+bkyRmlUblbK5xm3iGuA=","okFQRuTJC2iiK29p4LKPekSogquBmCzpp/fwEypbXAo=","6yJZZ2rvEz5/ED6F3ih6J/apHVme+MtmECBMOB9nK4U=","zGRD9vpv+YckpRJRa0aBBUWc7M/RiOm8D8yT+8hSzlQ=","l12tsz48NSaLyWFbCkjtW+BZKpytgNAmJ29Z2PpwubI=","qoDzDbaEzCU6itgckbUjyA7p9e0pZV2X4hWlSh84/aI=","HsScK0OMtrdmi6HoRfs0EtrZ9cVdjaEF/90PYZU+3EQ=","Tkrs2kJxBRRyJI42c/TPAld4Mps5cksyTqV+UVAAtIk=","b3cL6zmdfksfi9fTreYIAz5YzuYyPgU29Mg/zSspjOk=","2dPc6lXzDo+SEViZV8IDtqLJvXXNtaa/0K6lWqyzTqg=","lC3zsnl25nbBssB0UPhu4zDfvALKJGI2Hcwo2iNJfxo=","hfLm/uogNSojIAPPxWsk3w1VRU1wWCYyvz+NSfgg1Qc=","DI/gyPpifdy+jOYGhQE8bcEv4tMwCbAV7WMwL9bxfHo=","+PbbzZHOME1u9g0Gys1OaCNrSXXbuArj0RsSknYxEGo=","SJxcdixgRCFklcAkf3j3eNvrfgGkLJklntJXDeJihYU=","qH1ABiHPuJ1yD1AHg+4w3LL2FPWJBicKGDHMBRrSKAs=","pvYj4/yTFBjEdncjVp+yTMM73SqPb8UxCQO7G6tIcpE=","/ql4a/VB9b4DeWLqnCNza8g6GWOI+XuSkDcaKXP4VjU=","gWz3g/aAzcXeSZDMY4PDn8qcKwbQ7jq8tREHtklLlIA=","3iccHt6mtVN4mSoE4pRdr7eSlMqdtYmlKAUsbYynb8s=","NZAZQDB7dasLcbSt9Hbd6VagBg6PfNdjtxUo05rv5KQ=","e/Esnt2kzMX5xs+seuLHsnHY3+tTaePGGJj8/zQaAwA=","q6vd5dke6t7JJGUSh+Sd9Ya3fFtIFxgX9evCs23kXwQ=","op0/LTBoe6FcjfiEinpsMgDJGTSM8qpe4Pu8Ny5gxzk=","9ifaJYNUnB+G9+yhwNSrEFFsJRGB+fbxecvuaUKyV98=","JX9DPy/LvavsTXKBu/Jv064EDPr8nlkUG42WZFrpN4w=","/vxx0sy0ga95H8dCLegBe6gj/r2wm+zeOsEhsajvlyY=","ENpgyQbA0g0RApjSXJAM4PyXpIC7csoHREsc4PobuMI=","OPFeVnU1j84iSao3kBAScPrxVu4JSmm1C9/IxSjGjnY=","Z26TuzLaJSy8DmiwT/uNlOWe5Eh918PRwAC1bp4UATU=","Aq7MVs2bo3cC3Kb64Jfv7cIcnrhmGFf00HpZrKgAR14=","C+eVENvriOmYxzaAhvqIoboRYNl2Hft6etVmJgT+ZsM="],"block_size":4096,"path":"ui/assets/fonts/OpenSans-SemiBold.ttf"},{"block_hashes":["PkQzIw0S0d2D89RQXFR4juZiXhiHgmTA2syXaN5FNEQ=","B37hM39ZSxZYIcrnoRUg+0HBHaVTG1++O/luHJrbr7I=","uraZ4Jc8U3kw5hoUY9bqWf29xOCLTn5bOEbAfjI+26c=","IHvxjMYty8z1SLnkmgClaB5vAKqO39hNhdNlnbqTiH0=","T99NAdTq1Yv3pMpJJHJQ/nX8N6CCoeNfIPfpCrHlTh4=","mpTPu2r1xsUwExEfPEGZieKQGh6IPhboHL+Gn7202j0="],"block_size":4096,"path":"ui/assets/images/darkreader-icon-256x256.png"},{"block_hashes":["nHz36maysYkJ2emv2+ff2EXpu8fAzv/rixSQNQOi1LM="],"block_size":4096,"path":"ui/assets/images/darkreader-type.svg"},{"block_hashes":["efAZMSjs7aNKmcGDWVVJ6MzPJURvJBzL563WHUhCi8s="],"block_size":4096,"path":"ui/assets/images/ladybug-32.svg"},{"block_hashes":["pWetJ/z/JB3Z7lYEapEN+VsgsVQPM7/3/rji1LccgHs=","ihG6iYqz8JHrovPuBu0OVe8E+g3OGYWFq33fKsZZZro="],"block_size":4096,"path":"ui/assets/images/mode-dark-32.svg"},{"block_hashes":["9npqfnD3aXPnXlH3SfXWIol/MrrKSs0R77G8jPGTKxU=","Na0uB4aBBifmczQrqAuvpVQBs0iX2nET02vLR7FOrHw=","RO0d9xSuBPmph/D/Rdfny3/ot8NQnQHaf6fJlHRGSps="],"block_size":4096,"path":"ui/assets/images/mode-light-32.svg"},{"block_hashes":["eBRMxkdmoAwtP8jzfqtLjXo+QmhDULx/akNUB22YtYs="],"block_size":4096,"path":"ui/devtools/index.html"},{"block_hashes":["9JT8RAVJ7Kc1u6WK5n+Hkwd5zas7c8J5Z9U6NWmGzIM=","BARK6X3Dd75dKvCGk6efHdvCTiE/589kLXh6LVA8Cy8=","whEb+UQGfa9CV6PMB5WQSLmsihUKB4Nu6/NKzJv9g2k=","WQFv9RxzrMBLoHusQujbhGKLNHxeyWbOigr8ZDS7iQA=","oaOKUwx3xgA/Lk2imcP0/3adGYzvxM+8ddU5H+iRjuw=","R/5xX8BjD6cmHZNqAjR8W3oKdBvUe4Affl92HTQTM10=","yiI5905SNxkfVifD4nigwN03igMfLaCNVi2ebvXgLxs=","D6HZvgzZumvmLr2snxnoG6AQP/TuTX2IudBwUzk1VHI=","VdYr/gDyvOjXHyijnhuPvq0ShbJwAB9KP+JMm8TyXi8=","Mz6mBNWr7Hgd5c0P2OdvVo4mmUXQNYBJCgHMrU+ULic="],"block_size":4096,"path":"ui/devtools/index.js"},{"block_hashes":["LNOylk/pP8cZzrPwCKYnBL5+zU0jWnkvU/jAIs9XE5U=","mK+OHNQTd1T2D3p0DbNNts+TavhMBZtgeL8fmcNnov8=","AYSGUdDpn57Mn78hajhlVQRY5/Run4Qu0URzvhSDSwo=","g6/dGRz+zlztYM5mv8IpXGiAt6f0Q5eu2kwAEhn3tLE="],"block_size":4096,"path":"ui/devtools/style.css"},{"block_hashes":["6OsY4c8evpAITPpflaTqvSM9qHfC4VMwglGdg4TFjEs="],"block_size":4096,"path":"ui/popup/compatibility.js"},{"block_hashes":["0Z1dy+aw2VKeJWBd78S6nA8gD4SpTR8OFY91cq+07EI="],"block_size":4096,"path":"ui/popup/index.html"},{"block_hashes":["9JT8RAVJ7Kc1u6WK5n+Hkwd5zas7c8J5Z9U6NWmGzIM=","BARK6X3Dd75dKvCGk6efHdvCTiE/589kLXh6LVA8Cy8=","whEb+UQGfa9CV6PMB5WQSLmsihUKB4Nu6/NKzJv9g2k=","WQFv9RxzrMBLoHusQujbhGKLNHxeyWbOigr8ZDS7iQA=","tPKwqmUFCpQ6MXZ9G9CJgPUWznAR3aP2QT2tOVvCG18=","/TBbv+RGSTHPxr2jDiCVlNPNR8y1TLg4XC/G5Mbg1jk=","0NeCOl72WaiwG/r39gJgyR/58GBlVHVlK9LiKp5h+0s=","3zVN9Kbr91gHS490qchxrm/9ywweoQ5mbnpnNBZdgws=","wFLJTknXTzThI/fA6vl3zQ4cqe7w+cjzfThGX8jL5g4=","+22aRNXLhY1M4J8iMCppbMfOq9NcPKaahExAMQCBxQk=","MG7ILoej4PkBrzLePVEbY3CDQJQHc3rJhnEeZ0cTshc=","yX+obsYaz87KO0YmphiEQ/1EFxh48s6zE+Vn5ljNnDs=","i47Uii0MKdkze/FS/CpNBvpwEBuq9ZjugdquqhB6OdA=","tv1/AwKwguuhEYHHM7aqMBdo/VrcElotOT1HRdv8Nvg=","k28bsqiyQ2cfRtwvaG3g3EQOif2JhWZ2EXrPa/xTk44=","vDGw2Ji+49X0Zbdm2YcVkqlMhu1ZBWq9lYFM3m0rv0g=","yEx+me0BBYJ1L+rooD8yIj6YU2RCv6FJ/jGgJSfYJfk=","8+cssUzcomsnkncOfUUhHHQ6Ga8qmwpW8yvdGduMZR4=","FQuO7O24n85/EJqF92HS1dNUk1gEqUM07c3+QnDxbe8=","uRL3u9b5VpFl4/BB/7takxbKTFJBGHA4nJrdx7qhWH8=","MGsG2ABl8H1bSuHOzNvZ2J5xN/vD1ND0g76WtC1BkjA="],"block_size":4096,"path":"ui/popup/index.js"},{"block_hashes":["LNOylk/pP8cZzrPwCKYnBL5+zU0jWnkvU/jAIs9XE5U=","mK+OHNQTd1T2D3p0DbNNts+TavhMBZtgeL8fmcNnov8=","SU1GnxR9FA6wWESPdFTf0ew1j9cL0INNOPwzrS7imL8=","K/9ccISaQxISOm/oHmDy4FK+wmdgODM4EknvNcYgEHE=","Qs3IdceC0/RBZHKqzdqSRZecb3V10HTwLYHHCdD1ItI=","hVayVCvRd7BnEqLJqZjIHEBL/gkViQzhv/WT08TpnPE=","2sjkDNmRXmCTwwAhQnMg2fnYE0Zja1iOp6Zl+lk6SyA="],"block_size":4096,"path":"ui/popup/style.css"},{"block_hashes":["TKONVhk65N60G4YI1xGvoCOVGa4FZXxfhsS2gNkxKqY="],"block_size":4096,"path":"ui/stylesheet-editor/index.html"},{"block_hashes":["9JT8RAVJ7Kc1u6WK5n+Hkwd5zas7c8J5Z9U6NWmGzIM=","BARK6X3Dd75dKvCGk6efHdvCTiE/589kLXh6LVA8Cy8=","whEb+UQGfa9CV6PMB5WQSLmsihUKB4Nu6/NKzJv9g2k=","WQFv9RxzrMBLoHusQujbhGKLNHxeyWbOigr8ZDS7iQA=","4A3xxvUZqm4Nb1Y9N6Qa4Zz8kbD3qmUKPXzd/6Uk9eo=","qOFHtPALy4qEiRMxHVeno2wWL/xNCGtzK3TMSSHKMp0=","Xwv6kQL9FXshctr3Yk1QaWIATcSD/gYyxlmX9kT+OXw=","yfWosg7IUI8bZh6HiKttGM2TDAuxKs+4lCGruNs+BG0=","rKnmYPog1SPZM5O3kDZe2+fgFDbQWpOCbsrTW5L8ix8="],"block_size":4096,"path":"ui/stylesheet-editor/index.js"},{"block_hashes":["LNOylk/pP8cZzrPwCKYnBL5+zU0jWnkvU/jAIs9XE5U=","mK+OHNQTd1T2D3p0DbNNts+TavhMBZtgeL8fmcNnov8=","AYSGUdDpn57Mn78hajhlVQRY5/Run4Qu0URzvhSDSwo=","g6/dGRz+zlztYM5mv8IpXGiAt6f0Q5eu2kwAEhn3tLE="],"block_size":4096,"path":"ui/stylesheet-editor/style.css"}],"version":2}