{"file_hashes":[{"block_hashes":["LPCyp8T6WxLWncpf/ndSw7UNm5//loXQSAwxfOHgt1s=","DNOPCYNxlQcVyIQxfvrv3YpOtNr4ZsmQavMXQzVw59g="],"block_size":4096,"path":"_locales/be/messages.json"},{"block_hashes":["wFlO6J+r29yif643cfKQsAqUe2VS6zDR2OutHQzGEzA=","ic5Dm5XatBx89Aevx6YDEyMQSVVhAHeox7LzowrOM2I="],"block_size":4096,"path":"_locales/no/messages.json"},{"block_hashes":["stIdlDMh2td0Qw709/y8a+igKzXMyOW0TkSC/2KPhJc=","6uNm1GCwnKSo1nMa/CTcslAEHztlykcuIMvtgRviFYo="],"block_size":4096,"path":"_locales/si/messages.json"},{"block_hashes":["aVPtqiKFbC+qzTasIVwMbokCYqVolZEV5AA5cVZOQeY="],"block_size":4096,"path":"background/index.html"},{"block_hashes":["EfGoNHdFgnu4SwBE82IfYZ7gaE6TfLMKufZY0/5rwQ8=","FuKuvWj/bfeF4hjJsbOhONjv+ybihbT0snMszk5tcnk=","nx6ZE/TqZiBMTHSy9wYm+hAk0l9pyMUSHTVbhjaxzjo=","aNBJIOGIKy3cZFoeCMIDpNNOq8NZ4GMlA0xQ2MxyRTc=","RO5Mr947xIIO8JHujnEdtdEFDAKAumSpQYPby2hpCVE=","1qUZmkqFRpNrDm0x7wKRJhZeZZ6vQJZfBTKYOtZDh3I=","p4Onxrp0NaT6lydfbuv23y4ZL0LHICeiCSqe313Wtzw=","WiQbQFxGFSNGzSbI++Vxu4a0GkEQLz/KC1GOmpDm7ps=","wOre60kqAy7uLoavkgs8kvwZ3gmpRri2I9BP6t6sKH4=","qtwGy4G72lEBcqB82vTAZvJ3vrQFCfvrM2/on7GluBA=","9wna1i4vFPD4VDOR0wBsyfEnZ85ZrrHaW5hZaoG1GmU=","3v8bZI6YSkwfVoGbP4sIHAA8NyvxiexMx7vMUYERy18=","Pc4qjO2PIhGxoYnnk0RSA8/OYRu68htmiqZstd6CDoM=","EWLAueNrb/yykWk+AiZAj7m9/2kakm3SdGyPAcXWyik=","j5s+7sIbGoaeT/4iL5SuhhvecAuYyICslLpMFYs0cUs=","mdsRqlYXy6V7+TosuKLno4YBg/KfzvR4TeW0BYS6HUM=","o2VT0cDsg93iKaRHXk+PIUWSRDh/OD51LAlvdv/8/Wo=","7IIskyX3/znSW+eKItTN95H6GXN8nswOLFn2X2nXWO0=","HC/RJc0PL9IYN6WFqsPLG9SMmiklLIrWjku+hQ7cY10=","QJjEcApnIgZSuWV8t5vrj6Iz690bA/NpZt8PPvLcAps=","wxlQ2f5isilqvW6qcf9bCf5I743H9TEouXtmzLtaVfk=","a9fszbw9sxG+oVg7T0nG2KPXtU+1Ksm5mdVviZwwx+8=","Sso3ooEaEY0NZ7XQ74hV03HUfON6Q3mbwG3A0CeR+tw=","4JI7rXKp8lSRk9+PoV7UNEnzRO76nNAt4ULhm5UXkGA=","HIvUt4PgyAQAkugp3DIPdBdZrWb400KpK+bkQV+c5bw=","euwPfXNF64UYTt9/xTXlrFrbolZTk7KGCrcoC0ZheuM=","H5HqSDgdsO+WIxerm+qC597CKyZlg752WbjdRBY/iYE=","tAQQSuWGjTImppu2eP1w7PO3ocfvYThYPsSv90J43LY=","1MiNuDIb2R1rQ9m9Qjld9XB05n4dXFRktZFbx0hogeI=","uIlwmjy+GNw5kGEFOmXlNx2BthUiKSQhKaBtxQkcFfg=","aPpdngXwicqlxArRwqtQt+66a76wXZ/xsLtyTxHQGEY=","nsSzmHxx7u/DVfzhKrQA2jo77CnhdeF0or4CWyldUyM="],"block_size":4096,"path":"background/index.js"},{"block_hashes":["H8T0ILzRorfad4nuO2TcGe+jKiYI+7eSJbHt61qHBzc=","wc0mYufBcVZ7r0L+1y16Fv9fGWsB96z6lhyb+ZK+rsE=","6XWViOzZg1l/TjlCB8JRsVr9yBT5JfF/13rBrM5+v5Y="],"block_size":4096,"path":"config/dark-sites.config"},{"block_hashes":["Y0kKIIS/tRpRFJHvJ5LBGllsD1acC1pQdGQpXnT4xVA=","WZUwB/ubaI+VcpmKkQDukW8j7PRSoN7A+08E3NeN6QI=","bByExwXrSopNeLoFvx5zcXbhPLC2aFryU0FL/wKfPlc=","CoLE77UiH4/89WXmev6Ia40Za80zLsEYQVaX8RcuXOE=","oRPc4WcnPeF4FzTtSgRi2evlp88efpeHNyao/e/YJq4=","31piskvLPRhGCt3mi5B06RaJ5lYZpXV6JB8P2BTAS2E=","ozbSp+kFsn4QzdrUuprVqB4tSZLgv3AqdjQ1t9c8hDE=","n8NZUquqm3yXKU68N+euK8G5DyOup2M+0rjeANIgyvI=","OJtq8PVNS4rJ/OYuB43eNJai1ViMfRaF4LANCajB8I8=","sviEanhRP8Bqteu1Z+byJErCf7ZhcS0+2K1yTGhqkbM=","TzLJznl8hFGJ3Noe8FeByr201VsU3MINd917eXvSiCU=","qqUuBSHsTi239YE+9YTJARufigcJOvlueciDY28xGwA=","xE5YODOm30A77zRnib087HEhEqvnjJB3XetlAXQSh8o=","3TF4SS+D6eg6/jpx4kS5M/yqB6svqpibvhnMC8V+Fk4=","wuRHO/6lf6UzjnXjgQQ+zf6GVyXnDJok/N4kgm7Gwhs=","zC+vO6JZQJvOOBxNs/qZLQYPlkYd+iPgSAdUOL1M6i8=","g5FoTp4Yaqos6YrHr9pz0cwyB+CLN6r0650pJTAWg3o=","3aR65dTWCPHUNzcJ35FFnFoO83RjB2rmurYuU2p/m1I=","Q3Dn5JJsi9OqoXtlAYTw7KynRffzJoFrQhSs/tBwrQU=","cYMZ9qXgbmMo/qY5fHHYAV8HubZCTCBU/gP1YhdfGv4=","mKtxApF9RpCzDQmadldKpdThzxWyzw9SWL7CTeLlwmk=","4ElQH1pw97GGnwMcI4Xgg1qA3BaRafZEWjjWnj/62ic=","VrSXfEhwtWjqhP+00iszxLnKxre8TmV/qHWixAw8A5A=","EUSph4lFXyd/UGph2uWIbmBN29DsHUyV3BnhHKs2650=","djIGcvWc+JETYFAOUPAGIrL6bm9MWkPJbRg9fz75TD4=","FAlcfbZBsPVo267V97Izk11Sb9qW/tjY5pGT/wkbG5s=","gTKVF1YicJB+eY+VD/MZ419i3nUP4eSR98P3iZfHhUQ=","+mhECxzUQgMYeEB1uAEcXthd8JomyveO3OwQx3yQXf0=","BS34NSU0yBjGopjwRRbcu18Lper1LwcPEiOVyQZo90Q=","yDU7hvQeCb5oUvrM0m2fgmF/1lDRDts5vTVXYm/HbWs=","LHMQ1kzEOXriKF2ZQhXkqz9SwJ9nmCv8WpkxGMcnyGQ=","2ry3BbyYXKgYHnUrvt6rk6qBb1hQlF9Pzq6iQLkAknU=","9bOte5fwNElGtqNzLJ0DNtcC76ipphVE1nBwRYWkLfQ=","LCavHNuQjqq9zs5qYF0qHl5fN+GBUA5bfPc2oTcPjYs=","hdamKgn228ckccoKHykTmE9fBPwj5NEXoqlz4FuLJog=","wj4IBrV22qlg32OZ8/I9cyhElO0wEc6EDF3vbQ410fo="],"block_size":4096,"path":"config/dynamic-theme-fixes.config"},{"block_hashes":["D9jbnp5EOFyYcaG7feZyy9YruGZZR0XwMIxIeKRdkOs=","Ddi8WwcSE5M0SeM3D1B85+oH7+j6o3q94PUb5dksOxE=","qD6utBpYbUzSTb8g5rTMjQmHojIkqPukOLZgr4HbuCE=","zrfdn1CB/7zBK/n0kt18uWCmd0MDvUoWXgIxZ3v527M=","uCz1EQFKGcNhBE+nptnULbHXJbtbS2OfWYKzr9JvbZI=","HEZ5Xd0jU6ahIO70keGYXppFiGhUpWW+i6OYb7/RZGg=","SmvlNxyI3p7ZnWWOEkpDEQ18V/BX/EykedHjlupqwSg=","tYnUUZ7B2vxCSnfNTlF6DvwYPgW1LrsH4PltRiJDvY8=","k5PV4EvORJqFM+HAY8ww+1wCPGzM+uEqIMom3++LjXk="],"block_size":4096,"path":"config/inversion-fixes.config"},{"block_hashes":["BWs8ZqCqQekNLlv81rybvKtq6zjh3FRDsTJdh/cmxwc="],"block_size":4096,"path":"config/static-themes.config"},{"block_hashes":["2iQH5mRlOUoXN2Y96Qpk3cdSUfTrYy1DqI0S2l4CiE8="],"block_size":4096,"path":"icons/dr_inactive_19.png"},{"block_hashes":["I7q01MtiI2hz9cDp5cZV5xH9WqOCw/X7nM8W+J8EWBA="],"block_size":4096,"path":"icons/dr_inactive_38.png"},{"block_hashes":["kbEGiG6t8T3uFhu6KJn06xOioWFEMBSJDsYCI5EVlxQ="],"block_size":4096,"path":"inject/fallback.js"},{"block_hashes":["eNn/D7aCG5QVOB32EMxAcgwBKqmxhORP5UeJ5/+jvc0=","fcwHZIa5Udozl/7BtjjqqDdgrKsoM4UWA6413hPgt+s=","DlgDALtUfLHdAfq2LGHE+MQfwB7GW9GW699D50rfKy4=","20Whg9afmdJRCNGWGN2Jf/z83+IiLRl2uMLr8YsHCHQ=","TXBQJ5hgmS/uHxkoMwr1jQCezdSgZ8njvvzUroNJNZg=","//tAvrXZs/zGj+NfWbtZPIsmNqusbP1DZcUw+X6RjwU=","MV7Ux3Ekw0l3pZ/09r69e2Vkb0FFNnfgdwO2xslAMqo=","EqVhVoP6/3Xc3K8GBEWvqiR3q8jICdMhn5qA7tJbha8=","CAm3CHwndzfJGZpfFLwuIdLDOWTz611VKwV2Ed0Wze8=","GjqzBWMs+ZgDsgFFbNixZ7GcRn8XacRztbtJpG7t4Qg=","C/crtwUMexLlLhA8UvafqvuvS//zZi2IcZ2SjPibkok=","O5/f1i71mwp4vbQ6wtIpCOq6Vzv6mfc3wzsezvCmumg=","7U8oBWfBI9abzPbkQscKpv9lBg8z+iEH9RMfev8Gfwk=","OxvPYKCsZ8OHx6QaX6AVGOfvZ2XB3GJUHu9O1sMzEEo=","TfhaQRiIYfNsqprjmn/7KdVVjm8yaIQPxcjLjEzmVmg=","OYSgZUN0EO/oOmjGNdoWbqNkLRcsJt4shCI93u9NOWs=","KjFV//XVGRuRqIYQuKieke1WqwXeI7Qw4FzCT7/vtBg=","EX8UiMlwActqMSxZiQPwgB4900mw+STAu9Zxk+DRF9E=","OZpUWfxHlLS5R/Rhq0CZYvFFb/4CAVguMJ+nL2XMv9o=","71lNzCIfRVJ9BG6P3Jji5x0Red7icIE04mPQR3/Pydg=","oBgAIfY72PktsXP7AaetTnQgVlNX+0EliqA44Eq6bN0=","KzX/aKnAFxUHXwIXr+WSVtCrucC6kT6+VgpQcRBQJAA=","nt0Q6EZEiShyTP9rVstRqVQqILZUuezXrPpy8SrTZSM=","E8/Zwn6NAOLfLkfCR/O4wZQUyqzY9+pt7+fD0zYJ1eI=","gpWYQpikmoaA+xHZwCUkwupt5ESS46bWOZR3je+QV/k=","+2srzd4D4/cuBt6j8Av34g4tEqG5Cize1x2Bbf5Vfnk=","e33alVmQC27E4Zi9/B09P8AbpdovJ3QbRpLhnu6hOWU=","qMYw6BPp0iiVnBtWEO7Ad5nA1inN0VNUsf5mhDcPCF0=","xmh3LpYUdDBa8d0MgSJUS/wIk5XRxL7LOheE3zlVizM=","L6l+SrMK5TGKjR6NUWtpzMF7m6T3+ftbeoLzuT59xOY=","DYScYYzJpEsGT8pWM577cgFN/SafWcekSpvuN70+xn0=","5o6DeycjjiH0adyWzFYTLkL1eB7h4yTBgBVlW4LDXyg=","5ycAR+YnxsBInnAx/OTc1q67OTEIGa0p0xCn8aowkug=","pyHIP0HFvfa3fQrz11ih1BMnN77t3oihuUBLfCz2C8A=","tyz8T8xQb5LriIrjohCfhS0WIyoTmmGG74KQKF7IqnI=","+sOjeYMpqgPqDSMdq189Rud3dwo3JTKgxNcRMvEYh8I=","p8FxjxGVMD1foBt8x3TZ4law6nPfXwuEi4O1GsI6Z0A=","RU1gvoAakpG1vmVXPmRXUqVbXX6+jfqGSdJDe6A3vUo=","T7iUJUeRDFHF/I9gvXQKiRS+CNljqFxJnlu1KUeU0ZQ=","xuRRxeCuoK9QJLMg6OpisdVSXs0bKB3N5lXDmKFBTV8="],"block_size":4096,"path":"inject/index.js"},{"block_hashes":["09QgTFlF/3rHhBGLqxkpipahkzk7XLRRlYCjR7/jSsg=","1cjIoiHVzwYYF3OIvvxAx5ncn2b77OSOY2ODsnmct3E=","CitBieJaaI8PF9vb0BmeAfewv1Dzsi26+dfusBR9pF4="],"block_size":4096,"path":"ui/assets/fonts/LICENSE.txt"},{"block_hashes":["u+5ukJXYmgaDaJ93mkrIGGWcw7gT976g2/XwppHlQIE=","3yptTrkwkYFYnJbEBV7KNvjD9AIclBvr/uG+ktJjF1c=","+dioR58YVw0W8U+RPp0EkN8oSsG+jVFw/i3x/6XdNAA=","77oRZbtEicid11DEUGPIiKAxGgxi4SvT8Kwup7o2gmQ=","qllBQmJ3BBWBLh0Zxu8eV0GAXYom9HO8svpJa8v5loU=","TdWbz6k7b5TfuYM2DGwqEzjN8uTr5G758vNDlEZ2IFU=","eJRr+iHjsh2B6NXwUxu38xq+MxcApKuQtOBvIFuwsSg=","zwveEnlwunpC4dSD8GbPXooqbILjxDNhHak3rI/RYvI=","0zzSLePL5+yqSEabmYfVPwEiLd4tXcBaSucdmX5Ob9k=","vgDs2NgigIy50wflaGF3tbJz6SLeNc/Aw5MwVDjzJMk=","74HEH6QchEaiQH1EdCetMT5i2jNHnUSVYQuji2oWt9U=","AKPRE1qwV/gP2B/mYHGfM2/QqkP5EBPDsWFnXWxcvSQ=","HwW/77kJfGkDHRm//cKHgUGG+l8iGl4Xt5WfRnY8WQQ=","WARhG3CflDgv/Szlb7uSdnDTyIh4SaCziXzbCNLJqEI=","LC599FL6prII3Q3zWi3W5bRZbWBnNbLzLdYA0QhUMjQ=","/jizMCAp9BwsrJEOxykTw6+CnP7IB9K1WEOIQ5C2Y80=","H+egFqI/V2gL8zFfVEnH6txIM+k2ZP4dQobXi7wiq9Y=","YSaXZdRm+VSKbn9bHPPe0mDvmPT4mNTKPDbWr2C3r8Y=","tCGMILVzUZ+byPRcuGp7fqKQjc7A2EXyOtwKfWas4VE=","AxryAq5kiDUtnShbwimDx/NJ2XvmZnj0So+Ggzdqtp4=","k/WykNZOx5WfwPamwzqhCuaELP/qx3NegUrcc4P5wtE=","7pwfiJOWXZT2gxAnnIQ8ye9KNIFRFpfiInBydxJqVBE=","i0vkQSAA8/0YxAWtLEihai6rFkioup5M72DAAr8Aycg=","BjvLr/HlnvVM/9cMIF/G+zfe24hsPlm0o30NMONELuU=","BnluTINfB9Gbcb71MoiddXLzCbfim8BJHz4dFvZdvis=","L68QkoW4OzkKMBKz2PauOU/sB1TpvRnepPjNoaNEsvI=","VkVvtZH8CbQTeRfmY2PjVij0vnEQD9UH4PzzafA2aeE=","0mk3ruEAttAYwN6A7RxsCKUCmHSrFwT+U4AMzvJkTho=","TG7nxkhi4snNsNd3ojFp+JB0mKbGnQSOYxhxbeacf5c=","mu9cdXP+qxSZetSH/L3Iw4NWIjPcmO34PtE90zaHS4k=","cTDiYFOdwa8HgUa3DKqAXKcyXSc0jKcs0lT4S6/Oobg=","nBK8XvGolSEi4e6t7m69ZAEyvbdZD31sGXEF093Smrg=","YhhVjg8OIlLDUXvCoQBk875Uu9vmwKl5L5ff8ZRplnA=","m459kp5L2AbggHUmIal2O306RruPQclWcV8blIw5yds=","c6l0044EIpyy6xYW4duqDvnbdrzVo6vK3HoPxllg/G4=","AdBnHr8IFNwZJJw+zl56yhIguIUyAFJOP/a4dQTX74c=","Rg91DWQ3Da7N2yqIxoxsdXZtISYk98Cl9RQtioV6DQA=","7G3vF+gBHwVRppninatkw9WC00aa8yjdzDUTtnKgkNQ=","tOVy+ZozE1fM0/sZQeKX17tVNtfQsMliTQQij3tzpkI=","xdNcEq0weZ2n7DxkVkYGKkiU1/vLNUxjNE/3nxXH2Yk=","La+lHZChcJrGPPFwhcoDihpLH5A2mal6daFnk5gap0k=","i8yXTvDmNWFm5OL+mTD4NLW+fZm5c6bphyXxh3tKmhU=","9+fzkYlPSeiHKR+Q9MxlaxwmeNR/x3jLW3YBZqxmDB0=","sAC2/d72R0CJJ/bSoK9JTTdAkQ3SMWuwCV4y5wG+U9s=","1xc9UoDs3+3dId1AZdQRT++gL2WSVZzzh+BuUzca6KI=","6mxoqMobFg/t0Gf+dCpZpmZmPv+aHVpdjYuDAfQvPxM=","W2r+kQkKl86xaSdLGA+psbvi37wclV5K5PPeIjhXLBA=","rwE1TypuWnJrn89Osi5xl0ceaGOr+J4yEorniemC91c=","kmmj0eNgeOtVVGvfKBUckMmeMtcVzKfuqsVczu1Uym8=","uY+4DK6KQecCkw8bnALiwEDsrfPVnkvFctaIyC6LvVQ=","WhAlQm6Boz1q+2NLJC4W19iv5tPawkG3fXkptPK4ppE=","jOqayK1kWEscInxLVsr/RuvIWZ3yatRnJTGxls6i8SA=","AS7ZWdFtyCn5cZYT5SNXR74w1eKSQkL3sKj+A6Zg4cw=","l4HehzZOshyWxjCIReqdzVXbYijs8hxHNvIrjPr4IgA=","NUJVhL1pZrMKf99QlaLowxxhTJbG+bAQX3IhQufGSyg="],"block_size":4096,"path":"ui/assets/fonts/OpenSans-Light.ttf"},{"block_hashes":["Q44jGTxsOCHKiWU+nonnhdgIk8ypOKQ6dlEPYVwDtIg=","Cp63ZlgMRp/0pIGd7i28OtlCBK/1QlzqYHPSMOZHzXw=","vYN2iQbekUBBfILiX5js/+KkrZ3IMz2VN+pPlgbWi50=","O4lXZXsSUQAPwjzXGZ0hwWZJwCGbqPIRBVMd1XRsw7Y=","lavn06CwQi8Y06JN3I3KJ4faLYWu7SU9RT+wWXbCTyM=","hBW+pSFkwdsIiVNKpP1MW1HglX/ot70VyKZdYtrbBkY=","aY17MqDGaCkKLbW504MUQ3WKjjnsaT2Teayv1DRv0Ew=","GTMtJ+MOnBGuwPNTS9V92fWTdUvzdg5nqKYbMYeH8ec=","cAqFMQK6weUNS0AYmyk7ZQ25XEOuhscyHFr3PA1gQig=","IpCSI4i7KhYU7AvsM4+DexnGoGV9o8gEhYIa830KpTk=","DHazKZVJT6Us7pkkpRkG8na57IzSHi4SO7OxANvg0oI=","cU+2iNEuiF9lznTlcLeXawyVzTHYXeWU4dn30HZQsmk=","Ywo5h5uFgAGfLVU8o4xgo9ZTCMYCbh4YI9GNSMB/4Kw=","WJNJNiAvqMVmvKKBkD5Bw4b8O59ci0TtsKWsvQ0hFno=","lR8TGby+/prmJHAPvIO5kqICbzb0P+AfTtGW5M18SaY=","Dy5jBF0W9GNM3qMUja+50qpJ5q3RvrF3hJi6wtAyI9E=","HBocaLh/TRI9SEEaysqDFu/ruWfW11o5SgLrmrHS5JE=","sdLVsNSsGI+kJmlzOEylf/tBt2A+FhZId4OPB/hzgA0=","hWNin8V05Yk5+NDd03UuUCtLPWvZQojemMR1Rqo2ODs=","iB9thRTCJtjPg8mi1ryDFwcHPIWjbKlXcKLCFIUItPM=","eLORXI2Ryh3vrTFDPPBnCt/msRRULULQ8LEVYGU2glw=","QnCholMY4745FkPQGv9Gbn6pl1tyDowTV5U5p6+s0ls=","sucP6Y76xS7/C4FWxe2Zox5Tkycirqf12agWFNWbL5g=","fk617hoLiNBAAPd9AjvzOd/oIY7CLPSZ9f9rqejRTY4=","XQQXMklIAfMbi8ydqmvbKGxfr1fryb8Ba/vVoYgilow=","WV+3gRqwKoQL15navcL73OOoES0ZG2xFqmLhCc1pHz4=","H4n64AeQ47aYMZP8rw1PcGreNkt9oW99mBttwctLfJA=","r0kdDWAKKle7tu66ds4A7ajKPiCtfiV2/lK2Z7W538w=","5KN6Bfhpn8RElaV35uilKk1ZAPy3arRKktRmp5Qdq70=","UbjnNOuYVrtMP/wQ3oR1eB3ovXvZ4mqQl/rQpxkFXxw=","1eheA3hrBhNRHJ5sc9rheA6bSRIavl9WHxy7EvLB5o4=","4YX3Vs4QUaiWOAiYycuZGLOsA0/Oio73hR4N9Uwe99g=","x1iRFLxDcZY0bqpoKz25cU3NbgJY40+iHHBRcBgEmBw=","JYcG0BwuU2Ln0fOF26Nv1wenBA3B2KXiAdd8Oes1BJU=","PF9QgT/w0x6WXGEy1HLHNrsc3GiH6fAXJ2McGH2DIbM=","WrYdZx/kmY0tu2zgqVCqxbm/BJFXaguYAssH6Grh3U4=","vLoDkp0QxchCAZAAV7tzClYv7pUl0NESDv7KqqJzHtk=","YnKtbT93C8Pw3cTdiReS8cckULKDx4Yg8v2yrZ0mxGQ=","E+9xby+ZDkOVmmBk2qOVAIBZ4UtgesD42Hymkv3bYbY=","BQ36i+gopV3mrrfqvlUxaOLq6TLYzxPyXXV9Tqtt7QU=","7aA4p5XS70H3QSh6sOmBsWdm2PcbvIruMFkmEZJT8F0=","y+LdaCo06JdZwtJxE4L9Zo/qHPiz/FGNSqx07N+3Oz0=","3y2uLPWgyKlpgCCfaXUAF2BS2YzS/zEvTy2ZahACSz8=","2vibne0iutPmabG8FdrgJj7l9AyZ5xp/lqszXN73FiA=","hW3lop/NBMKXgLanPSkd7XaVl+qOtozjzQTHHh48aAo=","WejIi9Pp8cIEg5kTIea+tlK3Qf2kjAJyP1sS+xmjBrY=","GSuBAf8G9V0FjWmxGXWco149G8ypHijeUKGC2Y9EfVg=","6M8trzhXsbRFXCVZAZJTKNTueWbDj+rDvodGlv5yfPc=","RisJiu1+bPVG72jGG0jUxpzJkwWqhT7FACWbV8CRHqU=","+lN8chz/eVg/6AK/kPdy493Y4Hr3FB4cQjlM8fjpbjo=","I+3M0Owv2mitwgVhBkesTxVDx1VgwM7At/OHWG/HKpQ=","MQI4TwEv960mrcE1VqHBIP2vrUn3qjHlKV97nGgwtHU=","wK+r4L/8yxLpNvT8LYqYlODZr4XnmrOkgNE3W7GWxMk=","pYacdrSCHIGFkvzDSKFOfvXsIPPNjNinHcq/PiaS2lc="],"block_size":4096,"path":"ui/assets/fonts/OpenSans-Regular.ttf"},{"block_hashes":["6nfrMwtUYMTLFZYoxIHi0QUfsfiPglcyBOBk/tPwRT4=","dDWg2N0FQZNQu166I0G22RIXsTxSdtwUU1rJV4Cc4ow=","jde+wZWMZnBQH7bKJZSVlgHHSNS1Nr8lUijp4AvNLP8=","7+7GSOWflrCtZWLgBPYEcHKp3E5Dz5FGd9Bwj9stM90=","Chw/BhMQ+2nOsiq+gjloqK8TOjWFmA5gihy/5ZnOwU0=","vexhIB2sQbNS8PNVM++ZFyv+6wBvb4YUDsnr6WXuzQU=","QsDPt0BHca3VMwyz0vY6Uous5VpeCrDf96G1KnYGBKU=","immGXAKlsL0QmS718McRDTfs5dcNbuMjtyL0t7cRUMU=","2Rs5vfvlXJdX2gCsDAJDXu2LfSJpP+C9LafEAGNd0C0=","umFZjOJJ7YwlXNfo/Gt0xC9Zn+KyePsB9AACa/FSOnQ=","dlZ3+jxgXgBHzVgPSVO1nVmvGk+X5Z1M190KhWN29ZE=","xkpHeCS4Y7TvGZe7niwUoXPi4ScadXAU1bGEqpZznbk=","O/ZxvDk2VHOdUJ7FFTpi7GNcfDJGhgRzEKwxYTYNnJU=","tuEWLBCWF2lKJ9euQ8ZnfAwK2E3AN8d7fP3oghTFpRI=","NcJfWjiUU5jtNIJvPwRmwGK+lddyXWbsUNqQmAbng84=","QR+aI1FoIVQPbe3tVrqkwB8+hSidbIQf5vNoMXg3Q8Y=","Vip0Bt3oIYtQCXmeuacuigoSNXlN0cQ4F6dgtPGM0DU=","rXoqc38tBk9TKqPHogubxgLxWUmaV68Yn+1pUI8LQAg=","BclPGMEhxYAO4dUPBKA4QirNiA5BtcelxRxMxu0EgGM=","TRUunr1kPGVMb7TKSU9IbjAqF37UY3JWBjJvC4Ts6ks=","ei+RbnAwPPvxFR6iLcOIa4eODgpvWC03mzxaqsw5PTg=","8LzHrGIBvKRCyI5BlGZgwJT0VK/nevyV9SyflN0Ulmg=","9i6UJB1c9iI41voZK80f/ve+bkyRmlUblbK5xm3iGuA=","okFQRuTJC2iiK29p4LKPekSogquBmCzpp/fwEypbXAo=","6yJZZ2rvEz5/ED6F3ih6J/apHVme+MtmECBMOB9nK4U=","zGRD9vpv+YckpRJRa0aBBUWc7M/RiOm8D8yT+8hSzlQ=","l12tsz48NSaLyWFbCkjtW+BZKpytgNAmJ29Z2PpwubI=","qoDzDbaEzCU6itgckbUjyA7p9e0pZV2X4hWlSh84/aI=","HsScK0OMtrdmi6HoRfs0EtrZ9cVdjaEF/90PYZU+3EQ=","Tkrs2kJxBRRyJI42c/TPAld4Mps5cksyTqV+UVAAtIk=","b3cL6zmdfksfi9fTreYIAz5YzuYyPgU29Mg/zSspjOk=","2dPc6lXzDo+SEViZV8IDtqLJvXXNtaa/0K6lWqyzTqg=","lC3zsnl25nbBssB0UPhu4zDfvALKJGI2Hcwo2iNJfxo=","hfLm/uogNSojIAPPxWsk3w1VRU1wWCYyvz+NSfgg1Qc=","DI/gyPpifdy+jOYGhQE8bcEv4tMwCbAV7WMwL9bxfHo=","+PbbzZHOME1u9g0Gys1OaCNrSXXbuArj0RsSknYxEGo=","SJxcdixgRCFklcAkf3j3eNvrfgGkLJklntJXDeJihYU=","qH1ABiHPuJ1yD1AHg+4w3LL2FPWJBicKGDHMBRrSKAs=","pvYj4/yTFBjEdncjVp+yTMM73SqPb8UxCQO7G6tIcpE=","/ql4a/VB9b4DeWLqnCNza8g6GWOI+XuSkDcaKXP4VjU=","gWz3g/aAzcXeSZDMY4PDn8qcKwbQ7jq8tREHtklLlIA=","3iccHt6mtVN4mSoE4pRdr7eSlMqdtYmlKAUsbYynb8s=","NZAZQDB7dasLcbSt9Hbd6VagBg6PfNdjtxUo05rv5KQ=","e/Esnt2kzMX5xs+seuLHsnHY3+tTaePGGJj8/zQaAwA=","q6vd5dke6t7JJGUSh+Sd9Ya3fFtIFxgX9evCs23kXwQ=","op0/LTBoe6FcjfiEinpsMgDJGTSM8qpe4Pu8Ny5gxzk=","9ifaJYNUnB+G9+yhwNSrEFFsJRGB+fbxecvuaUKyV98=","JX9DPy/LvavsTXKBu/Jv064EDPr8nlkUG42WZFrpN4w=","/vxx0sy0ga95H8dCLegBe6gj/r2wm+zeOsEhsajvlyY=","ENpgyQbA0g0RApjSXJAM4PyXpIC7csoHREsc4PobuMI=","OPFeVnU1j84iSao3kBAScPrxVu4JSmm1C9/IxSjGjnY=","Z26TuzLaJSy8DmiwT/uNlOWe5Eh918PRwAC1bp4UATU=","Aq7MVs2bo3cC3Kb64Jfv7cIcnrhmGFf00HpZrKgAR14=","C+eVENvriOmYxzaAhvqIoboRYNl2Hft6etVmJgT+ZsM="],"block_size":4096,"path":"ui/assets/fonts/OpenSans-SemiBold.ttf"},{"block_hashes":["PkQzIw0S0d2D89RQXFR4juZiXhiHgmTA2syXaN5FNEQ=","B37hM39ZSxZYIcrnoRUg+0HBHaVTG1++O/luHJrbr7I=","uraZ4Jc8U3kw5hoUY9bqWf29xOCLTn5bOEbAfjI+26c=","IHvxjMYty8z1SLnkmgClaB5vAKqO39hNhdNlnbqTiH0=","T99NAdTq1Yv3pMpJJHJQ/nX8N6CCoeNfIPfpCrHlTh4=","mpTPu2r1xsUwExEfPEGZieKQGh6IPhboHL+Gn7202j0="],"block_size":4096,"path":"ui/assets/images/darkreader-icon-256x256.png"},{"block_hashes":["nHz36maysYkJ2emv2+ff2EXpu8fAzv/rixSQNQOi1LM="],"block_size":4096,"path":"ui/assets/images/darkreader-type.svg"},{"block_hashes":["NfxHC8j3OwEMp60ndsKzXT3SgRi80yCBpFsqsRTZhKs="],"block_size":4096,"path":"ui/assets/images/ladybug-32.svg"},{"block_hashes":["pWetJ/z/JB3Z7lYEapEN+VsgsVQPM7/3/rji1LccgHs=","ihG6iYqz8JHrovPuBu0OVe8E+g3OGYWFq33fKsZZZro="],"block_size":4096,"path":"ui/assets/images/mode-dark-32.svg"},{"block_hashes":["9npqfnD3aXPnXlH3SfXWIol/MrrKSs0R77G8jPGTKxU=","Na0uB4aBBifmczQrqAuvpVQBs0iX2nET02vLR7FOrHw=","RO0d9xSuBPmph/D/Rdfny3/ot8NQnQHaf6fJlHRGSps="],"block_size":4096,"path":"ui/assets/images/mode-light-32.svg"},{"block_hashes":["EY4Bx5dWk43ipGqJQtXK6sw3tA6gOXMy+N2d8wbsZgM="],"block_size":4096,"path":"ui/devtools/index.html"},{"block_hashes":["b+AdLX4SZfW2brRIZ8tJkdMNMNH0HVlCupuU5ilpT80=","lT7MmUFEB6/kgfHdbcGfRt/NXCNcoFb4gZJhkfHcDs8=","dxVd/O/S5eshVz88ot0Kl1tQZPlZSYpnE8L33JeGem4=","DacrPAXS8Rn7tBqX2jJFxIwEMDYtOjd8BcYvdoR2q8E=","kBGpFN2xi1mRizHY8jYkbrVBidFhzGx1rWFe1AKp7xE=","SPzLspH8zSMAUCxVb0Vii1csE+90PjlFj6Z8XFA6zT8=","cAmARDvrMtBdZzuYDNSlcPyR4T/4tb3R6elH/YzvwSM=","AM/fRgfquogIqTkwQ9MwjI6GfKQrrmkO9/HnnPaAI7A=","bHNJghacq6W+RrBwWlpn3d/cJ0j2tgKCtyTwUa1kVfQ=","mRdEiXSnlYivbrNyxQfIZb7Uyv8a7hWznQpCXQPQRLE=","cn6RHmRv+XIyuoH26TOOJ6xrOu8jyMlETfQ5EHHd37o=","OcV+rk2elux9TEPXRmhyDSfkAugrb8e9F/ag4q3OySA=","fUtewXTJErgh8uhyg4z88AaumCRFJxHLrcvtlpgFhig=","ecI/RrpPNq5wK3bTt3cKuk+lFFemFUIWezuc1cvTHUo=","Iinb5T6F6yV+h2SyuWsV+QMA16IN6mjvEMjM1JGtvmo=","JJAV6TG5PI291xCzDpKkvwhljKAW4EPzFy7PnQybZQc=","f++begn0yhgwqt5NZ56Sbh8R+B1JpOvaZv+7pL27adE=","OVq3zT7qi3brK6VfSZRgVyZksnSFy0kmcpufbvkk+mo=","zLJMqWT/AKMsvqA8XnVP3WTbOVZjtuGUdxQSWz/dfSk=","SFvmzSyxPhq1kvpwm/J2sE5ZBNP4p70/1wypgFXaZdg=","60FfEhfn9Hfcw8mkyTO22qC2bBXgHNMyGlyDiFUZKGQ=","chwEu7jUUaACqxRtFaTDjHtaywkQSfOSST6UKms7EdE=","qcaphMPTn1+GkhY+kjLSIvKjThsQg0IItq44ADvpf/4="],"block_size":4096,"path":"ui/devtools/index.js"},{"block_hashes":["AY73a2AiSXV/KsjdZikwdb5tncRS6GGnOePBWslzmQo=","CMrebqsHPVbTd8A6Mpkp1FIiXXcBCGU9+GUExvns6GM=","Ddtbv/GnKb0bw3lr4Ud5qEss5mm+ceKSQh8WIZsEd/A=","8avx7iLFIPa23RExMrYhv4xNSIHD2Qf/0nOCy/MGTBI=","Nu9PkL57Daqr+Lsd/Ua5uJfPcFeEtUCPmrnyA4Let4c=","rJqt2HGz000Ix2tQLmn8rz6P4G9WnyYJ80h5/M8QLe0=","1HOKwTHyG0CDiqGV+7ByYwskR2eQggioRdnQSQUM8kY="],"block_size":4096,"path":"ui/devtools/style.css"},{"block_hashes":["O6kyTtvcttYVNm6XO/1Hfi+1xTJ9ASGy0Aqx4+pw940="],"block_size":4096,"path":"ui/popup/compatibility.js"},{"block_hashes":["dmP3spWfHQ5NIvbBu7EUQAHt6ir3NFvL1EXJXfKR+Co="],"block_size":4096,"path":"ui/popup/index.html"},{"block_hashes":["kUYN4gI25zaXsZDYdCSdC/PffX7uWvLJ+smLqtmZe3I=","hFqS7xEm1HAiYz8GGg/SRKfp+H5T13WS/Z6MANxjpw4=","lFYhQ+S6rQtp/kCBlbL0o3kxiXI9UFp3Nv0KRjsYlJY=","sTivBkS8n0wg+8RmV0eOAc7TT30ZjabCjH7I3fYNAis=","4zSQG1tKL+vPmqbGJ70whr1eAj4RY23oo0CdYtCzeYg=","tulqjlMu2Gbk5B2Vc0p69v3iPMcVxwAajkOG+OorhBI=","17mH/J7SWpVtk4xtzaguawG3/+5w1KXjB0NuozFdyoU=","Q73C90K0hPBoNU7DQRmKcmpoID5ZaSbCOF84DVKvFQY=","7ByFkh7FUvq5P3LRHMRnu7QirAQY1Ok3jQr7K8vWtUI=","OspWNLLXd4rL86LFonYrf+mch36yB5XlW23/zmZze8U=","dvyEX4oQE5g+KBEpg7oGVVhWETsWvO8dEhkZgHb1JPY=","/hEALMjt0qL8/VXrdfzm5GtEsrjmJIky/WHwYnEQBqw=","cEerwZ2iLhZsSV2tLY40Qbk5SinyjDqP7uuY1Svh4Os=","4pafaQ1yXqaICcNn8EwwMmobaru95y3eN1DnyIRF9os=","J2ci8STiQoTgiBVNToL35VwtL2WhfIBOYpmYeDZdEgA=","/EJCHJ0hBaAggCyH5AY7eImcv00t9N/fTFpx6B1RXkY=","9XIAaDNmVjHrraESvwijelfA0Goqkgc45JjnKQNhQAU=","LbACQFta7CVRVT5DP8h7sCWDsslAX9fae/RtY+9TM8o=","prsXiLRTm2x+sb5xql2S7zkwil8mdeG8Ks1jZ8R5oXg=","0UvymezP6efhu8tY1nvPZDuieMIyyqLn5Z4pKRZdPUI=","Fm1jmVuuP7rKI9ex3u3cqBZo1HRt2izhODWDorHkMhk=","3N+fjlhZFBl4O9CsvIXD1YrkEdAL2PmKpWVfXmW5RpY=","ePYNSUZT2FTrbvJeao/9TRSoVyjTZ8JPIdypn+9twac=","UkO7L4LHUjJPk4lrxQA+zJ5hNQJh7W7x6bpZBVRTOFk=","S1KHQVbXC9kOyBhEc5H1NeC/pUCsct3GGZaPilVLgXY=","wtZNsWbDlA32YbIl/q4elMlrsj61WCMaSmehMzogUyE=","HdjMB+grN9W7gogkFDpzR/ugEdd4lcdVRJniFLPdp6c=","1JNaWtRnENZSm7YCVFCW4vTrrPBz2g24aZCflzS0U/I=","rywE+wfcIq5MsZQp4ZlDvNLZkUgClwFspoK18+3dgxo=","YVQa2AcOjASlY9aZURQCCLDIpZoh7gOms/OD325vpMg=","uYMQyG5gVEdTu6q4aARYqvdXfZDp5yeXKF5t3neCzdU=","jlFUQXDlc9dSxYE0665U9BqIBCLfC2LytrJKucLZVCY=","jegC/Q3URQ8WPt27sTDKbzaUW4f0l6+I2uTN7UGNR6c=","08DkyHLVZkIzEXEk5tPwEp5M56j1QBgApp8L4oX1u20=","lOSNYKC27umUeJlidynfSdVuPtLeV1r2GwyhguVdQL4=","bxDh4+SKxl5MvzxIvprXzeBSKDHeffzFMPGuMFmhupc=","jaWUSF6VMWiwA21jNs8UiFTmQAPwKyKRRakorpFP7ZY=","N4G+hqIR3pCWtGCCSIqxDpwR2SsOFaBmDLHFo7d0q+k=","zd0F7B3Dx8SSP9LH2k0g8SJJMYZTuQ0sHSLxV4IZjwE=","6zz55NAD60KZq2Ph55n4k99I7M/x2bhG799ZSQVIGdA=","EeUB0Kyz2tNac5wCLw/goJGAj7Fc/LxY5r0xQxbuyU4=","WTll8CV/Ztd9Tjb6+BahJOJtgw+cw4vIj1ZL6hkOT0U=","dIpQie18fN8zEsOCdSOp7w1qv0/eB1N/Ngmsqxf16RU=","fGz3PdqM/9Qhtwhc6ao7SoPj/tXuNr46Z+bHnLQox48=","tMKEW1SFWgmVeKGtkgovGTSGC7A7Ca2gD+N9h5GOyKY=","igqlHRl+2FsskH4TUMHUrrAELjFZ7VE5Xiom3xcyZ40=","/NnlEI/psHgkNsHKSyuTahNgtbRaT2PwIpHFHfO3A/s=","UtvgzSl2GmPlYYY16WP3TvxqdY0QPeJmfnsAtuxRrS0=","pp78iaRmO0fO5ICi+Vy90ofvSoteVAUJMSq5Ld8Vcq4=","gg4UZhFGdqaCIEpO8VH8RAclItrqKH+Iguif2cLutUw=","KDQsyA4EXt/vquDc/YI9Agt2hQqLi+RuvCOu3/gQ7Ds=","c/ZhskjKZp8RObZrPexgyhbpW2lgYyXRja+Nc+NKNUU=","RQQeweFWoDSn46WBMkw9pLLaRRgbEG62WZ2cWHZrjR0=","chdSVXfioSHpyrbBsiS1dGOPYQkvnpdZ2BAcx+T2cCw=","M3EF1rtK5jjmw8twqtueDaUZimfGo7ve7C7OZ6taXQ0=","ZCz+csQ0d9FFV+/MqODI6GL5DzR2X6F1TPjDCEmVykg=","SHBOfbswq5H5snnkmyzalpyn4JPlt2U1xwrFaqeTqrw=","dNQle4worSBTM5Dj9Uwtu9Xvy6STXIpV353iEuRFSoo=","/0Ds4YMCM6vWfhAJCWjxffRUHakKZ/NY0efmlU1hLc4=","D46HI4dS9k3FdhoNustwCXyG+7LVZ4hanyanHinbf3k=","Ze4e95EPGidvoTLdfQeUd/fpn0I6LikMkBOXIoEWq9M=","+1sP0x3Z7EgUxHVlq6HAPj4ugfc4tGyR5JkUaY1sk34="],"block_size":4096,"path":"ui/popup/index.js"},{"block_hashes":["AY73a2AiSXV/KsjdZikwdb5tncRS6GGnOePBWslzmQo=","CMrebqsHPVbTd8A6Mpkp1FIiXXcBCGU9+GUExvns6GM=","Ddtbv/GnKb0bw3lr4Ud5qEss5mm+ceKSQh8WIZsEd/A=","8avx7iLFIPa23RExMrYhv4xNSIHD2Qf/0nOCy/MGTBI=","Nu9PkL57Daqr+Lsd/Ua5uJfPcFeEtUCPmrnyA4Let4c=","ihowBD6zz9sUp/SJzs/P6+k2CviZO/WY/ij9LDgIsN4=","cu42Su23aiNq2TJPISqwDvsV5vpIxJBJWwrQ5B8leNg=","5y4SzkI/Za4apEXQqlZ55aVSM1CcDD10WApWBnAllMc=","0J71nZ8Os2n8jWsLYz3rLISjPQtQ/ZMH1Kpd5jql/1I=","wtuVfhbm1wBhdthJ6i+sWapY/Z+choH5N+R/M2TczOw=","hIULIcX/nS7cMxbJuCcnFfOtsRWwnISq9QEO8miq94M=","qFg5Rt91Usj7j6AZYQOmE6soJacAdt8+iE53GGM1RS0=","YdHgU+nyVWwQODChV2dGp80ME5UHqjLaK08qjyZj7/A=","uQb0wvqheQATteLlQHDWqULsXcmegfB05v/R/NYCr5o=","vDhKx259Nzyg+Qvoklb3n2/5yCTcmroCTjj4uVq1SsE=","ec1ywSGM8gpk8TNZ3Oa/P2qXLrhzLDG2E45gF+1eTZM=","PuKSq9TCIr55C6qUNcwsHN6Hx+3bNnY9djN6CPWlVEU=","ZZntZ+Pzfja4BNbyU0Cr+yLAOKQCW0mRtwxSAksSlKU="],"block_size":4096,"path":"ui/popup/style.css"},{"block_hashes":["S0v9fmxv8ey7Df8Z7Nd8PMaZNimKL80GQDyEGlgq3H4="],"block_size":4096,"path":"ui/stylesheet-editor/index.html"},{"block_hashes":["b+AdLX4SZfW2brRIZ8tJkdMNMNH0HVlCupuU5ilpT80=","lT7MmUFEB6/kgfHdbcGfRt/NXCNcoFb4gZJhkfHcDs8=","dxVd/O/S5eshVz88ot0Kl1tQZPlZSYpnE8L33JeGem4=","DacrPAXS8Rn7tBqX2jJFxIwEMDYtOjd8BcYvdoR2q8E=","kBGpFN2xi1mRizHY8jYkbrVBidFhzGx1rWFe1AKp7xE=","SPzLspH8zSMAUCxVb0Vii1csE+90PjlFj6Z8XFA6zT8=","cAmARDvrMtBdZzuYDNSlcPyR4T/4tb3R6elH/YzvwSM=","AM/fRgfquogIqTkwQ9MwjI6GfKQrrmkO9/HnnPaAI7A=","bHNJghacq6W+RrBwWlpn3d/cJ0j2tgKCtyTwUa1kVfQ=","bwTNByEoWMGLULnM4aQTsFJmFJYQZLf335r7nZ6Q2Lg=","LR8yooqF+J4nqfF6IpT0OpQ24alkpeSZMbqlLvv1bcI=","eo1Rw8NxBfWAkVO8S07HLD3cHL4KnLrsI8x0jwRmmiw=","dBfZ5WaT2nKqe7r0oGdKd9t55/1Grz5XrauPlQlroV4=","ehdd9TrWjRR59EOkWqn6ue18D9gIWuAKyAYl1MQtwis=","umHVdcZ42naQn2neV7ykt2gtn0+pv7o3j2faS3Ib2mY=","3JjdahL/w0Mb65Nv9XW225FSYJtgf0dOvZfm6Kjcq3c=","btGlODtzRySbzh8QhuCrV2+/7syJE62oIKX9poPUoLE=","Xk9bwtfq8f4NF4FEU5vsZyWuwU8Nnaoev3iLKYn72rU=","tqUPdoo2FTeGfqaWrd68xkln6Zwmy6Xp196FAf1Wim8=","GnaRW9GhMHbqgx80mATX3VHpzd3Xr0A8UxHw8OcfOgA=","6ER0wicogKyaJcAKuhK7chRt4fMU4HjyeU1X0S6jdlo="],"block_size":4096,"path":"ui/stylesheet-editor/index.js"},{"block_hashes":["AY73a2AiSXV/KsjdZikwdb5tncRS6GGnOePBWslzmQo=","CMrebqsHPVbTd8A6Mpkp1FIiXXcBCGU9+GUExvns6GM=","Ddtbv/GnKb0bw3lr4Ud5qEss5mm+ceKSQh8WIZsEd/A=","8avx7iLFIPa23RExMrYhv4xNSIHD2Qf/0nOCy/MGTBI=","Nu9PkL57Daqr+Lsd/Ua5uJfPcFeEtUCPmrnyA4Let4c=","rJqt2HGz000Ix2tQLmn8rz6P4G9WnyYJ80h5/M8QLe0=","1HOKwTHyG0CDiqGV+7ByYwskR2eQggioRdnQSQUM8kY="],"block_size":4096,"path":"ui/stylesheet-editor/style.css"}],"version":2}